{
  "project_info": {
    "project_number": "445688999078",
    "firebase_url": "https://dualchat-e22e3.firebaseio.com",
    "project_id": "dualchat-e22e3",
    "storage_bucket": "dualchat-e22e3.appspot.com"
  },
  "client": [
    {
      "client_info": {
        "mobilesdk_app_id": "1:445688999078:android:75b648c2bf3774ce",
        "android_client_info": {
          "package_name": "com.blogspot.kr7ron.dualchat"
        }
      },
      "oauth_client": [
        {
          "client_id": "445688999078-mprocof26a12u4ssrfgp6a5pnilievul.apps.googleusercontent.com",
          "client_type": 3
        }
      ],
      "api_key": [
        {
          "current_key": "AIzaSyDdemNMZBYg-wrXiD_kKWAUNoNZ-OzLBqE"
        }
      ],
      "services": {
        "analytics_service": {
          "status": 1
        },
        "appinvite_service": {
          "status": 1,
          "other_platform_oauth_client": []
        },
        "ads_service": {
          "status": 2
        }
      }
    }
  ],
  "configuration_version": "1"
}